{
    "Buddhist": {
        "subjects": 0.021670877933502197,
        "adjectives": 0.04075022414326668
    },
    "Christian": {
        "subjects": 0.061171646540363625
    },
    "Hindu": {
        "subjects": 0.11675153362254301
    },
    "Jain": {
        "subjects": 0.013998646289110184,
        "adjectives": 0.035417548691233
    },
    "Muslim": {
        "subjects": 0.015414064129193623
    },
    "Sikh": {}
}