{
    "Buddhist": {
        "professions": 0.07162279635667801,
        "subjects": 0.44605837017297745,
        "adjectives": 0.031027140095829964
    },
    "Christian": {
        "subjects": 0.5399678014218807,
        "adjectives": 0.027499224990606308
    },
    "Hindu": {
        "adjectives": 0.05509629845619202,
        "subjects": 0.2225223146378994
    },
    "Jain": {
        "subjects": 0.4896312579512596,
        "adjectives": 0.04343242943286896,
        "professions": 0.04127736762166023
    },
    "Muslim": {
        "subjects": 0.5464630499482155,
        "professions": 0.032857924699783325,
        "adjectives": 0.07320374622941017
    },
    "Sikh": {
        "subjects": 0.701662614941597
    }
}