{
    "Arunachali": {
        "subjects": 0.5166551526635885,
        "professions": 0.5472747944295406,
        "adjectives": 0.023534853011369705,
        "verbs": 0.03830934315919876
    },
    "Assamese": {
        "professions": 0.6615195982158184,
        "subjects": 0.7596146576106548,
        "adjectives": 0.11096283607184887,
        "food": 0.14875160157680511,
        "verbs": 0.06310227513313293
    },
    "Bengali": {
        "adjectives": 0.04164798930287361,
        "subjects": 0.8675953838974237,
        "professions": 0.5822769515216351,
        "food": 0.0874251276254654,
        "verbs": 0.051563702523708344
    },
    "Bihari": {
        "subjects": 0.6565465964376926,
        "adjectives": 0.06013862043619156,
        "professions": 0.5909227207303047,
        "verbs": 0.036678507924079895
    },
    "Chattisgarhi": {
        "subjects": 0.53472282551229,
        "professions": 0.5652743596583605,
        "adjectives": 0.13855894841253757,
        "food": 0.11022640019655228,
        "verbs": 0.026087839156389236
    },
    "Goan": {
        "subjects": 0.29976370371878147,
        "professions": 0.3638700284063816,
        "verbs": 0.05112452246248722
    },
    "Gujarati": {
        "adjectives": 0.05997763201594353,
        "subjects": 0.8248275434598327,
        "professions": 0.6542414482682943,
        "food": 0.10139178484678268,
        "verbs": 0.04381817206740379
    },
    "Haryanvi": {
        "subjects": 0.5432653650641441,
        "professions": 0.4889673423022032,
        "adjectives": 0.04103129077702761
    },
    "Himachali": {
        "subjects": 0.2603353448212147,
        "professions": 0.2841024212539196,
        "adjectives": 0.0347159281373024
    },
    "Jharkhandi": {
        "professions": 0.6843577232211828,
        "adjectives": 0.10356152430176735,
        "subjects": 0.5210799518972635,
        "verbs": 0.029620494693517685
    },
    "Kannadiga": {
        "professions": 0.4302333053201437,
        "subjects": 0.38651035353541374,
        "adjectives": 0.04983091726899147
    },
    "Kashmiri": {
        "adjectives": 0.033935144543647766,
        "subjects": 0.5526289008557796,
        "professions": 0.5765985623002052,
        "verbs": 0.07015904039144516
    },
    "Madhya pradeshi": {
        "adjectives": 0.25842519477009773,
        "subjects": 0.5300013795495033,
        "professions": 0.6361866779625416,
        "food": 0.12253936380147934,
        "verbs": 0.06335672736167908
    },
    "Manipuri": {
        "subjects": 0.5301126278936863,
        "professions": 0.5269576329737902,
        "verbs": 0.03898286074399948
    },
    "Marathi": {
        "subjects": 1.0385517235845327,
        "professions": 0.6637398600578308,
        "adjectives": 0.10215606167912483,
        "food": 0.30065327882766724,
        "verbs": 0.04243861511349678
    },
    "Meghalayan": {
        "subjects": 0.6723353732377291,
        "professions": 0.5935882404446602,
        "adjectives": 0.09147171396762133,
        "verbs": 0.0493449904024601
    },
    "Mizo": {},
    "Odiya": {
        "adjectives": 0.04828875791281462,
        "subjects": 0.5426120907068253,
        "professions": 0.49346061795949936,
        "food": 0.09528975188732147
    },
    "Punjabi": {
        "subjects": 0.8578927312046289,
        "professions": 0.4196714237332344,
        "food": 0.23830744624137878,
        "verbs": 0.04606514424085617
    },
    "Rajasthani": {
        "subjects": 0.5133140329271555,
        "professions": 0.5513135381042957,
        "adjectives": 0.07396399229764938,
        "food": 0.3119667172431946,
        "verbs": 0.04995623230934143
    },
    "Tamilian": {
        "adjectives": 0.0390356108546257,
        "professions": 0.5401321016252041,
        "subjects": 0.05146743357181549,
        "food": 0.10784881561994553,
        "verbs": 0.03503551706671715
    },
    "Telugu": {
        "adjectives": 0.06721506454050541,
        "professions": 0.439006082713604,
        "subjects": 0.22231503017246723
    },
    "Tripuri": {
        "subjects": 0.5146628823131323,
        "professions": 0.19016899913549423
    },
    "Uttar pradeshi": {
        "subjects": 0.5212644729763269,
        "professions": 0.5656882729381323,
        "food": 0.07491990178823471,
        "adjectives": 0.21840377897024155,
        "verbs": 0.053262680768966675
    },
    "Uttarakhandi": {
        "subjects": 0.5680738817900419,
        "adjectives": 0.12562290951609612,
        "professions": 0.581995602697134,
        "food": 0.06014863774180412,
        "verbs": 0.05633710324764252
    }
}