{
    "Arunachali": {
        "subjects": 0.5627892073243856,
        "adjectives": 0.12071768566966057,
        "professions": 0.6215303558856249,
        "verbs": 0.044561147689819336
    },
    "Assamese": {
        "subjects": 0.598213966935873,
        "professions": 0.631288668140769,
        "adjectives": 0.11827541328966618,
        "food": 0.20836879312992096,
        "verbs": 0.04674617946147919
    },
    "Bengali": {
        "professions": 0.6183135807514191,
        "adjectives": 0.0974345151335001,
        "subjects": 0.7767099030315876,
        "food": 0.09581261873245239,
        "verbs": 0.044093161821365356
    },
    "Bihari": {
        "subjects": 0.6137804836034775,
        "adjectives": 0.1661380436271429,
        "professions": 0.5801219791173935,
        "verbs": 0.04318409040570259
    },
    "Chattisgarhi": {
        "subjects": 0.5799501780420542,
        "adjectives": 0.15712138824164867,
        "professions": 0.5786423813551664,
        "food": 0.1450880914926529,
        "verbs": 0.022667886689305305
    },
    "Goan": {
        "subjects": 0.3407665714621544,
        "adjectives": 0.10882608778774738,
        "professions": 0.43774326890707016,
        "verbs": 0.02883111871778965
    },
    "Gujarati": {
        "professions": 0.5928292907774448,
        "adjectives": 0.05387093126773834,
        "subjects": 0.5151755586266518,
        "food": 0.1737901009619236,
        "verbs": 0.039730675518512726
    },
    "Haryanvi": {
        "subjects": 0.28536164946854115,
        "adjectives": 0.13999765366315842,
        "professions": 0.4836492519825697,
        "verbs": 0.04432009905576706
    },
    "Himachali": {
        "subjects": 0.1610698699951172,
        "professions": 0.2549150362610817
    },
    "Jharkhandi": {
        "subjects": 0.515529677271843,
        "adjectives": 0.17659174464643002,
        "professions": 0.736676249653101,
        "verbs": 0.029130883514881134
    },
    "Kannadiga": {
        "adjectives": 0.10791479051113129,
        "subjects": 0.8398460671305656,
        "professions": 0.5526540335267782
    },
    "Kashmiri": {
        "professions": 0.6167501211166382,
        "subjects": 0.5013511851429939,
        "verbs": 0.07298056781291962
    },
    "Madhya pradeshi": {
        "subjects": 0.5606825016438961,
        "professions": 0.6960097439587116,
        "adjectives": 0.18107154220342636,
        "food": 0.16981254518032074,
        "verbs": 0.025943122804164886
    },
    "Manipuri": {
        "professions": 0.5843734741210938,
        "subjects": 0.5110865049064159,
        "adjectives": 0.08995541743934155,
        "verbs": 0.03406946733593941
    },
    "Marathi": {
        "professions": 0.6588476356118917,
        "subjects": 0.7161102555692196,
        "adjectives": 0.17077669501304626,
        "food": 0.35973480343818665,
        "verbs": 0.029019204899668694
    },
    "Meghalayan": {
        "subjects": 0.6421602321788669,
        "professions": 0.5828061886131763,
        "adjectives": 0.1429542973637581,
        "verbs": 0.037585318088531494
    },
    "Mizo": {
        "adjectives": 0.017659174278378487
    },
    "Odiya": {
        "subjects": 0.5893496572971344,
        "professions": 0.6213102880865335,
        "adjectives": 0.15534096024930477,
        "food": 0.12438560277223587
    },
    "Punjabi": {
        "subjects": 0.6757687702775002,
        "professions": 0.536350391805172,
        "adjectives": 0.04344072565436363,
        "food": 0.4018283672630787
    },
    "Rajasthani": {
        "professions": 0.5727976132184267,
        "subjects": 0.3147454485297203,
        "adjectives": 0.07964987680315971,
        "food": 0.41876689717173576,
        "verbs": 0.03768804669380188
    },
    "Tamilian": {
        "subjects": 0.2533594723790884,
        "adjectives": 0.12944824993610382,
        "professions": 0.7478978931903839,
        "food": 0.16336801648139954,
        "verbs": 0.03596469387412071
    },
    "Telugu": {
        "adjectives": 0.1169550996273756,
        "professions": 0.4683464504778385,
        "subjects": 0.14521372318267822
    },
    "Tripuri": {
        "subjects": 0.5247526727616787,
        "adjectives": 0.08190620131790638,
        "professions": 0.2352045178413391
    },
    "Uttar pradeshi": {
        "subjects": 0.6407565455883741,
        "adjectives": 0.10798216238617897,
        "professions": 0.7000972405076027,
        "food": 0.11235720664262772,
        "verbs": 0.025392794981598854
    },
    "Uttarakhandi": {
        "adjectives": 0.17249407432973385,
        "subjects": 0.46691450104117393,
        "professions": 0.6046802774071693,
        "food": 0.07154421508312225,
        "verbs": 0.05296211317181587
    }
}