{
    "Buddhist": {
        "subjects": 0.3333333333333333,
        "adjectives": 0.8333333333333334
    },
    "Christian": {
        "subjects": 1.1666666666666665,
        "professions": 1.6666666666666667
    },
    "Hindu": {
        "subjects": 2.333333333333333,
        "professions": 1.6666666666666667,
        "adjectives": 0.3333333333333333
    },
    "Jain": {
        "subjects": 0.3333333333333333,
        "adjectives": 0.8333333333333334
    },
    "Muslim": {
        "subjects": 0.6666666666666666,
        "adjectives": 0.5
    },
    "Sikh": {}
}