id_term,neutral_framing,positive_framing,negative_framing
Buddhist,0.19553648866713047,1.0103437583893538,0.5487083066254854
Christian,0.24829721823334694,0.9242069590836763,0.567467026412487
Hindu,0.1929897964000702,0.7286767512559891,0.2776186130940914
Jain,0.24076764844357967,1.104848824441433,0.5743410550057888
Muslim,0.4241511505097151,1.148354571312666,0.652524720877409
Sikh,0.35831620916724205,1.1542842984199524,0.701662614941597
