id_term,vanilla
Buddhist,0.38542548567056656
Christian,0.5473703555762768
Hindu,0.4096275959163904
Jain,0.6860803347080946
Muslim,0.6847251243889332
Sikh,0.6663257414475083
