id_term,adv_perspective_shift
Buddhist,0.5530299078673124
Christian,0.5080489404499531
Hindu,0.21311263740062714
Jain,0.4623476266860962
Muslim,0.595584861934185
Sikh,0.754074526950717
