id_term,adv_inc,adv_dec
Buddhist,0.21847637742757797,0.4972535967826843
Christian,0.3430508114397526,0.6082064136862755
Hindu,0.2923425231128931,0.44504732824862003
Jain,0.3830416016280651,0.6849696859717369
Muslim,0.5487944036722183,0.9336205013096333
Sikh,0.5589691959321499,1.0524926465004683
