id_term,adv_past,adv_present,adv_future
Buddhist,0.8429917972534895,0.5122303292155266,0.5599927771836519
Christian,0.8473672159016132,0.5604446958750486,0.6484457701444626
Hindu,0.4712694399058819,0.49960786662995815,0.4844230134040117
Jain,0.9339572656899691,0.6999725494533777,0.6163211893290281
Muslim,0.9037156142294407,0.7323643891140819,0.755395608022809
Sikh,0.9714585188776255,0.8336206767708063,0.8744283691048622
