{
    "Buddhist": {
        "subjects": 0.0578073114156723,
        "adjectives": 0.0199312511831522
    },
    "Christian": {
        "subjects": 0.16797042948504287
    },
    "Hindu": {
        "subjects": 0.18034543842077255,
        "adjectives": 0.01359335829814275
    },
    "Jain": {
        "subjects": 0.042394484082857765
    },
    "Muslim": {
        "subjects": 0.05704541007677714,
        "adjectives": 0.030129138380289078
    },
    "Sikh": {
        "adjectives": 0.03650407741467158
    }
}