{
    "Buddhist": {},
    "Christian": {
        "subjects": 1.3333333333333333,
        "professions": 0.8333333333333334
    },
    "Hindu": {
        "subjects": 1.3333333333333333
    },
    "Jain": {},
    "Muslim": {
        "subjects": 0.3333333333333333,
        "adjectives": 0.3333333333333333
    },
    "Sikh": {
        "adjectives": 0.5
    }
}