id_term,vanilla
Bengali,0.06463134040435155
Bihari,0.00928905482093493
Goan,0.028904115160306294
Gujarati,0.015135964999596277
Haryanvi,0.06676150237520535
Kannadiga,0.0269298255443573
Manipuri,0.02425535519917806
Odiya,0.008891305886209011
Punjabi,0.030723591645558674
Rajasthani,0.08087274308005968
Tamilian,0.08385203654567401
Telugu,0.020646205792824425
