id_term,adv_perspective_shift
Bengali,0.025874388714631397
Bihari,0.01876194030046463
Goan,0.06849266091982523
Haryanvi,0.07488592465718587
Kannadiga,0.06811617314815521
Manipuri,0.025166945531964302
Odiya,0.011451984445254007
Punjabi,0.02162282168865204
Rajasthani,0.11415710921088854
Tamilian,0.17376269896825153
Telugu,0.024319816380739212
