{
    "Arunachali": {
        "subjects": 0.5038386657834053,
        "adjectives": 0.0441383458673954,
        "professions": 0.8350323177874088,
        "verbs": 0.020873872563242912
    },
    "Assamese": {
        "subjects": 0.5281519405543804,
        "professions": 0.8458602838218212,
        "adjectives": 0.12221199087798595,
        "food": 0.13039793074131012,
        "verbs": 0.024752365425229073
    },
    "Bengali": {
        "adjectives": 0.04927183873951435,
        "subjects": 0.5312000066041946,
        "professions": 0.7999686375260353,
        "food": 0.06212196126580238,
        "verbs": 0.01990843378007412
    },
    "Bihari": {
        "subjects": 0.5089552216231823,
        "adjectives": 0.10816778056323528,
        "professions": 0.8282073009759188
    },
    "Chattisgarhi": {
        "subjects": 0.5162310041487217,
        "adjectives": 0.1377614624798298,
        "professions": 0.7658306658267975,
        "food": 0.14182806015014648
    },
    "Goan": {
        "subjects": 0.33204206824302673,
        "professions": 0.5410615783184767,
        "adjectives": 0.028534067794680595
    },
    "Gujarati": {
        "subjects": 0.44149075075984,
        "adjectives": 0.04635296016931534,
        "professions": 0.8968877773731947,
        "food": 0.06626217067241669
    },
    "Haryanvi": {
        "subjects": 0.35122383013367653,
        "professions": 0.6290693059563637,
        "adjectives": 0.040891874581575394
    },
    "Himachali": {
        "subjects": 0.21249613910913467,
        "professions": 0.3705752082169056,
        "adjectives": 0.02453446574509144
    },
    "Jharkhandi": {
        "subjects": 0.5088182017207146,
        "adjectives": 0.13583842851221561,
        "professions": 1.0274929217994213
    },
    "Kannadiga": {
        "subjects": 0.6222274620085955,
        "professions": 0.6382264271378517,
        "adjectives": 0.032631922513246536
    },
    "Kashmiri": {
        "subjects": 0.40159760043025017,
        "adjectives": 0.028038419783115387,
        "professions": 0.7833409570157528,
        "verbs": 0.029595427215099335
    },
    "Madhya pradeshi": {
        "subjects": 0.4422762915492058,
        "adjectives": 0.18321202974766493,
        "professions": 0.8840239234268665,
        "food": 0.10016890615224838
    },
    "Manipuri": {
        "adjectives": 0.04485628195106983,
        "subjects": 0.418661143630743,
        "professions": 0.678260326385498
    },
    "Marathi": {
        "subjects": 0.5714859291911125,
        "professions": 0.8799666985869408,
        "adjectives": 0.08598101884126663,
        "food": 0.21858122944831848,
        "verbs": 0.021699586883187294
    },
    "Meghalayan": {
        "subjects": 0.5236382707953453,
        "professions": 0.8356221057474613,
        "adjectives": 0.06975488550961018
    },
    "Mizo": {},
    "Odiya": {
        "adjectives": 0.10352103598415852,
        "subjects": 0.4079919084906578,
        "professions": 0.7700355499982834,
        "food": 0.09291817247867584
    },
    "Punjabi": {
        "subjects": 0.4768553003668785,
        "professions": 0.7673863265663385,
        "food": 0.1989012509584427
    },
    "Rajasthani": {
        "subjects": 0.27641262859106064,
        "professions": 0.7152406647801399,
        "adjectives": 0.07422429881989956,
        "food": 0.29418477416038513
    },
    "Tamilian": {
        "subjects": 0.24086057394742966,
        "adjectives": 0.05236032046377659,
        "professions": 0.8162519223988056,
        "food": 0.10725871473550797
    },
    "Telugu": {
        "adjectives": 0.029259134083986282,
        "subjects": 0.1543358489871025,
        "professions": 0.5874064490199089
    },
    "Tripuri": {
        "professions": 0.2864702455699444,
        "subjects": 0.5713290981948376,
        "adjectives": 0.017188524827361107
    },
    "Uttar pradeshi": {
        "subjects": 0.5069800186902285,
        "adjectives": 0.1257612919434905,
        "professions": 0.7546336762607098,
        "food": 0.07510247081518173
    },
    "Uttarakhandi": {
        "adjectives": 0.11910267919301987,
        "subjects": 0.4823233112692833,
        "professions": 0.8363547194749117,
        "food": 0.036983639001846313
    }
}