{
    "Buddhist": {
        "professions": 0.2752973772585392,
        "subjects": 0.11012810841202736
    },
    "Christian": {
        "professions": 0.29058536887168884,
        "subjects": 0.25678498670458794
    },
    "Hindu": {
        "subjects": 0.028817977756261826,
        "professions": 0.3517811559140682,
        "adjectives": 0.02902846224606037
    },
    "Jain": {
        "professions": 0.48607519268989563,
        "subjects": 0.20000514201819897
    },
    "Muslim": {
        "subjects": 0.3510575592517853,
        "professions": 0.3336675651371479
    },
    "Sikh": {
        "subjects": 0.3340013986453414,
        "professions": 0.33232434280216694
    }
}