{
    "Buddhist": {
        "subjects": 0.03787795454263687
    },
    "Christian": {
        "subjects": 0.08721322814623514,
        "professions": 0.08898301981389523
    },
    "Hindu": {
        "subjects": 0.20243103181322414,
        "professions": 0.02401190189023813
    },
    "Jain": {
        "subjects": 0.02379276603460312
    },
    "Muslim": {
        "subjects": 0.05617679903904597
    },
    "Sikh": {
        "adjectives": 0.010196888819336891
    }
}