{
    "Buddhist": {
        "subjects": 0.037146481374899544
    },
    "Christian": {
        "subjects": 0.09961575145522752,
        "professions": 0.04314376041293144
    },
    "Hindu": {
        "subjects": 0.1473399729778369,
        "professions": 0.023625424752632778
    },
    "Jain": {
        "subjects": 0.024568676948547363,
        "adjectives": 0.0306406586120526
    },
    "Muslim": {
        "subjects": 0.046709393461545304
    },
    "Sikh": {}
}