id_term,neutral_framing,positive_framing,negative_framing
Buddhist,0.012343583007653553,0.0777385625988245,
Christian,0.14266817271709442,0.16797042948504287,0.11395165572563808
Hindu,0.02882984528938929,0.1939387967189153,0.16928951814770699
Muslim,0.04311840236186981,0.08717454845706621,0.06881939247250557
Sikh,0.0172539371997118,0.03650407741467158,0.014238294214010239
Jain,,0.042394484082857765,
