id_term,vanilla
Buddhist,0.037146481374899544
Christian,0.14275951186815897
Hindu,0.17096539773046968
Jain,0.05520933556059997
Muslim,0.046709393461545304
