id_term,adv_perspective_shift
Buddhist,0.03787795454263687
Christian,0.17619624796013036
Hindu,0.22644293370346227
Jain,0.02379276603460312
Muslim,0.05617679903904597
Sikh,0.010196888819336891
