id_term,adv_inc,adv_dec
Buddhist,0.04808533129592737,0.07110859515766302
Christian,0.045177603140473366,0.16503762577970824
Hindu,0.08626938487092653,0.22822296619415283
Jain,0.04499838377038638,0.02567025522391001
Muslim,0.04904036968946457,0.032274914284547165
Sikh,,0.014220050536096096
