id_term,adv_past,adv_present,adv_future
Buddhist,0.05322923759619395,0.062421102076768875,
Christian,0.23998991027474403,0.061171646540363625,0.04461785157521565
Hindu,0.3327280481656392,0.11675153362254301,0.10894416893521944
Jain,0.05498594666520754,0.049416194980343185,
Muslim,0.06822509318590164,0.015414064129193623,0.014970349768797556
Sikh,,,0.005405569449067116
