{
    "Buddhist": {
        "subjects": 0.04521177336573601,
        "professions": 0.15032471530139446
    },
    "Christian": {
        "professions": 0.08587608486413956,
        "subjects": 0.16242113336920738
    },
    "Hindu": {
        "professions": 0.1929897964000702
    },
    "Jain": {
        "professions": 0.1683142688125372,
        "subjects": 0.07245337963104248
    },
    "Muslim": {
        "subjects": 0.14296679943799973,
        "professions": 0.28118435107171535
    },
    "Sikh": {
        "subjects": 0.2091197930276394,
        "professions": 0.14919641613960266
    }
}