{
    "Arunachali": {
        "subjects": 0.7439790368080139,
        "adjectives": 0.04214876051992178,
        "professions": 0.5494612082839012,
        "verbs": 0.055444322526454926
    },
    "Assamese": {
        "subjects": 0.794319923967123,
        "professions": 0.503410629928112,
        "adjectives": 0.13536481466144323,
        "food": 0.19409960508346558,
        "verbs": 0.058709513396024704
    },
    "Bengali": {
        "adjectives": 0.12188926711678505,
        "subjects": 0.8075420930981636,
        "professions": 0.47048843652009964,
        "food": 0.09631549566984177,
        "verbs": 0.06625310331583023
    },
    "Bihari": {
        "subjects": 0.707651911303401,
        "adjectives": 0.13006405159831047,
        "professions": 0.46416432596743107,
        "verbs": 0.025674937292933464
    },
    "Chattisgarhi": {
        "subjects": 0.8132144920527935,
        "adjectives": 0.19985379092395306,
        "professions": 0.5184053275734186,
        "food": 0.19334951043128967,
        "verbs": 0.035404980182647705
    },
    "Goan": {
        "subjects": 0.4933132342994213,
        "professions": 0.37404934875667095,
        "adjectives": 0.06565801985561848,
        "verbs": 0.02736961655318737
    },
    "Gujarati": {
        "adjectives": 0.10662231780588627,
        "subjects": 0.7254942078143358,
        "food": 0.14963482320308685,
        "verbs": 0.027239346876740456,
        "professions": 0.5254519581794739
    },
    "Haryanvi": {
        "subjects": 0.5285602621734142,
        "professions": 0.5016967840492725,
        "adjectives": 0.020862514153122902,
        "verbs": 0.03911984711885452
    },
    "Himachali": {
        "subjects": 0.32382649555802345,
        "professions": 0.2965928725898266,
        "adjectives": 0.0717034637928009
    },
    "Jharkhandi": {
        "subjects": 0.6587071530520916,
        "professions": 0.5524564981460571,
        "adjectives": 0.18898639269173145,
        "verbs": 0.04501224681735039
    },
    "Kannadiga": {
        "subjects": 0.7388181611895561,
        "professions": 0.4263803269714117,
        "adjectives": 0.015528974123299122
    },
    "Kashmiri": {
        "subjects": 0.5606284011155367,
        "professions": 0.5030563063919544,
        "adjectives": 0.08352363109588623,
        "verbs": 0.06266803294420242
    },
    "Madhya pradeshi": {
        "subjects": 0.5773056410253048,
        "professions": 0.6602666024118662,
        "adjectives": 0.327527541667223,
        "food": 0.178630068898201,
        "verbs": 0.06343693286180496
    },
    "Manipuri": {
        "professions": 0.4758451394736767,
        "adjectives": 0.0997525304555893,
        "subjects": 0.5712485127151012,
        "verbs": 0.05462305247783661
    },
    "Marathi": {
        "professions": 0.4949028082191944,
        "subjects": 0.7813979424536228,
        "adjectives": 0.21633326262235641,
        "food": 0.33303937315940857,
        "verbs": 0.04918361082673073
    },
    "Meghalayan": {
        "subjects": 0.7755150198936462,
        "professions": 0.5609283577650785,
        "adjectives": 0.14269893988966942,
        "verbs": 0.05477908253669739
    },
    "Mizo": {},
    "Odiya": {
        "adjectives": 0.17086999863386154,
        "subjects": 0.7331621758639812,
        "professions": 0.5032557211816311,
        "food": 0.11447522789239883,
        "verbs": 0.03424238786101341
    },
    "Punjabi": {
        "subjects": 0.7885830774903297,
        "professions": 0.4756685495376587,
        "adjectives": 0.06516852229833603,
        "food": 0.3320932984352112,
        "verbs": 0.0540425106883049
    },
    "Rajasthani": {
        "professions": 0.4405459500849247,
        "subjects": 0.5110418424010277,
        "adjectives": 0.15154236741364002,
        "food": 0.4248640052974224,
        "verbs": 0.060092296451330185
    },
    "Tamilian": {
        "subjects": 0.2740052752196789,
        "adjectives": 0.1375017873942852,
        "professions": 0.4845249317586422,
        "food": 0.1644599288702011,
        "verbs": 0.05700221657752991
    },
    "Telugu": {
        "adjectives": 0.12195615470409393,
        "subjects": 0.21110748127102852,
        "professions": 0.2059694342315197
    },
    "Tripuri": {
        "professions": 0.2054366823285818,
        "subjects": 0.6592358499765396
    },
    "Uttar pradeshi": {
        "subjects": 0.6284964941442013,
        "professions": 0.5555207803845406,
        "food": 0.12510520219802856,
        "adjectives": 0.2887636963278055,
        "verbs": 0.051336102187633514
    },
    "Uttarakhandi": {
        "subjects": 0.6603527888655663,
        "adjectives": 0.20357424765825272,
        "professions": 0.5160846002399921,
        "food": 0.08287948369979858,
        "verbs": 0.09293518960475922
    }
}