{
    "Buddhist": {
        "subjects": 0.03484976043303807,
        "adjectives": 0.018379477163155876
    },
    "Christian": {
        "subjects": 0.10535643498102823,
        "professions": 0.1346334752937158
    },
    "Hindu": {
        "subjects": 0.1597695673505465,
        "professions": 0.16146605213483176,
        "adjectives": 0.011492428680260975
    },
    "Jain": {
        "subjects": 0.026552351812521614,
        "adjectives": 0.02843359485268593
    },
    "Muslim": {
        "subjects": 0.05344603583216667,
        "adjectives": 0.01477905735373497
    },
    "Sikh": {}
}