{
    "Buddhist": {
        "subjects": 0.044027184446652726,
        "adjectives": 0.0270814107110103
    },
    "Christian": {
        "subjects": 0.10003699734807014,
        "professions": 0.06500062843163809
    },
    "Hindu": {
        "subjects": 0.1924335497121016,
        "professions": 0.035789416482051216
    },
    "Jain": {
        "subjects": 0.02567025522391001
    },
    "Muslim": {
        "subjects": 0.032274914284547165
    },
    "Sikh": {
        "adjectives": 0.014220050536096096
    }
}